[
   {
      "pk": 1, 
      "model": "pid.domain",
      "fields": {
         "name": "Test Domain", 
         "updated_at": "2009-09-11 11:19:05"
      }
   }, 
   {
      "pk": 83, 
      "model": "pid.pid", 
      "fields": {
         "domain": 1, 
         "name": "Test Purl", 
         "creator": 1, 
         "created_at": "2009-09-11 12:36:20", 
         "pid": "1fx", 
         "updated_at": "2009-09-11 12:36:20", 
         "ext_system_key": null, 
         "ext_system": null, 
         "type": "Purl", 
         "editor": 1
      }
   }, 
   {
      "pk": 84, 
      "model": "pid.pid", 
      "fields": {
         "domain": 1, 
         "name": "Test Purl", 
         "creator": 1, 
         "created_at": "2009-09-11 12:36:20", 
         "pid": "1j4", 
         "updated_at": "2009-09-11 12:36:20", 
         "ext_system_key": null, 
         "ext_system": null, 
         "type": "Purl", 
         "editor": 1
      }
   }, 
   {
      "pk": 85, 
      "model": "pid.pid", 
      "fields": {
         "domain": 1, 
         "name": "Test Purl", 
         "creator": 1, 
         "created_at": "2009-09-11 12:36:20", 
         "pid": "18k", 
         "updated_at": "2009-09-11 12:36:20", 
         "ext_system_key": null, 
         "ext_system": null, 
         "type": "Purl", 
         "editor": 1
      }
   }, 
   {
      "pk": 86, 
      "model": "pid.pid", 
      "fields": {
         "domain": 1, 
         "name": "Test Purl", 
         "creator": 1, 
         "created_at": "2009-09-11 12:36:20", 
         "pid": "ww", 
         "updated_at": "2009-09-11 12:36:20", 
         "ext_system_key": null, 
         "ext_system": null, 
         "type": "Purl", 
         "editor": 1
      }
   }, 
   {
      "pk": 88, 
      "model": "pid.pid", 
      "fields": {
         "domain": 1, 
         "name": "Test Ark", 
         "creator": 1, 
         "created_at": "2009-09-11 12:36:21", 
         "pid": "16x4s", 
         "updated_at": "2009-09-11 12:36:21", 
         "ext_system_key": null, 
         "ext_system": null, 
         "type": "Ark", 
         "editor": 1
      }
   }, 
   {
      "pk": 89, 
      "model": "pid.pid", 
      "fields": {
         "domain": 1, 
         "name": "Test Ark", 
         "creator": 1, 
         "created_at": "2009-09-11 12:36:21", 
         "pid": "185r4", 
         "updated_at": "2009-09-11 12:36:21", 
         "ext_system_key": null, 
         "ext_system": null, 
         "type": "Ark", 
         "editor": 1
      }
   }, 
   {
      "pk": 90, 
      "model": "pid.pid", 
      "fields": {
         "domain": 1, 
         "name": "Test Ark", 
         "creator": 1, 
         "created_at": "2009-09-11 12:36:21", 
         "pid": "15gdg", 
         "updated_at": "2009-09-11 12:36:21", 
         "ext_system_key": null, 
         "ext_system": null, 
         "type": "Ark", 
         "editor": 1
      }
   }, 
   {
      "pk": 91, 
      "model": "pid.pid", 
      "fields": {
         "domain": 1, 
         "name": "Test Ark", 
         "creator": 1, 
         "created_at": "2009-09-11 12:36:21", 
         "pid": "15mnv", 
         "updated_at": "2009-09-11 12:36:21", 
         "ext_system_key": null, 
         "ext_system": null, 
         "type": "Ark", 
         "editor": 1
      }
   }, 
   {
      "pk": 92, 
      "model": "pid.pid", 
      "fields": {
         "domain": 1, 
         "name": "Test Ark", 
         "creator": 1, 
         "created_at": "2009-09-11 12:36:21", 
         "pid": "15mtj", 
         "updated_at": "2009-09-11 12:36:21", 
         "ext_system_key": null, 
         "ext_system": null, 
         "type": "Ark", 
         "editor": 1
      }
   }, 
   {
      "pk": 93, 
      "model": "pid.pid", 
      "fields": {
         "domain": 1, 
         "name": "Test Ark", 
         "creator": 1, 
         "created_at": "2009-09-11 12:36:21", 
         "pid": "17fmb", 
         "updated_at": "2009-09-11 12:36:21", 
         "ext_system_key": null, 
         "ext_system": null, 
         "type": "Ark", 
         "editor": 1
      }
   }, 
   {
      "pk": 94, 
      "model": "pid.pid", 
      "fields": {
         "domain": 1, 
         "name": "Test Ark", 
         "creator": 1, 
         "created_at": "2009-09-11 12:36:21", 
         "pid": "30197", 
         "updated_at": "2009-09-11 12:36:21", 
         "ext_system_key": null, 
         "ext_system": null,  
         "type": "Ark", 
         "editor": 1
      }
   }, 
   {
      "pk": 95, 
      "model": "pid.pid", 
      "fields": {
         "domain": 1, 
         "name": "Test Ark", 
         "creator": 1, 
         "created_at": "2009-09-11 12:36:21", 
         "pid": "29131", 
         "updated_at": "2009-09-11 12:36:21", 
         "ext_system_key": null, 
         "ext_system": null, 
         "type": "Ark", 
         "editor": 1
      }
   }, 
   {
      "pk": 96, 
      "model": "pid.pid", 
      "fields": {
         "domain": 1, 
         "name": "Test Ark", 
         "creator": 1, 
         "created_at": "2009-09-11 12:36:22", 
         "pid": "28822", 
         "updated_at": "2009-09-11 12:36:22", 
         "ext_system_key": null, 
         "ext_system": null, 
         "type": "Ark", 
         "editor": 1
      }
   }, 
   {
      "pk": 97, 
      "model": "pid.pid", 
      "fields": {
         "domain": 1, 
         "name": "Test Ark", 
         "creator": 1, 
         "created_at": "2009-09-11 12:36:22", 
         "pid": "179sm", 
         "updated_at": "2009-09-11 12:36:22", 
         "ext_system_key": null, 
         "ext_system": null, 
         "type": "Ark", 
         "editor": 1
      }
   }, 
   {
      "pk": 98, 
      "model": "pid.pid", 
      "fields": {
         "domain": 1, 
         "name": "Test Ark", 
         "creator": 1, 
         "created_at": "2009-09-11 12:36:22", 
         "pid": "16s6n", 
         "updated_at": "2009-09-11 12:36:22", 
         "ext_system_key": null, 
         "ext_system": null, 
         "type": "Ark", 
         "editor": 1
      }
   }, 
   {
      "pk": 99, 
      "model": "pid.pid", 
      "fields": {
         "domain": 1, 
         "name": "Test Ark", 
         "creator": 1, 
         "created_at": "2009-09-11 12:36:22", 
         "pid": "16rw9", 
         "updated_at": "2009-09-11 12:36:22", 
         "ext_system_key": null, 
         "ext_system": null, 
         "type": "Ark", 
         "editor": 1
      }
   }, 
   {
      "pk": 100, 
      "model": "pid.pid", 
      "fields": {
         "domain": 1, 
         "name": "Test Ark", 
         "creator": 1, 
         "created_at": "2009-09-11 12:36:22", 
         "pid": "16snf", 
         "updated_at": "2009-09-11 12:36:22", 
         "ext_system_key": null, 
         "ext_system": null, 
         "type": "Ark", 
         "editor": 1
      }
   }, 
   {
      "pk": 101, 
      "model": "pid.pid", 
      "fields": {
         "domain": 1, 
         "name": "Test Ark", 
         "creator": 1, 
         "created_at": "2009-09-11 12:36:22", 
         "pid": "16s5h", 
         "updated_at": "2009-09-11 12:36:22", 
         "ext_system_key": null, 
         "ext_system": null, 
         "type": "Ark", 
         "editor": 1
      }
   }, 
   {
      "pk": 102, 
      "model": "pid.pid", 
      "fields": {
         "domain": 1, 
         "name": "Test Ark", 
         "creator": 1, 
         "created_at": "2009-09-11 12:36:22", 
         "pid": "198c0", 
         "updated_at": "2009-09-11 12:36:22", 
         "ext_system_key": null, 
         "ext_system": null, 
         "type": "Ark", 
         "editor": 1
      }
   }, 
   {
      "pk": 103, 
      "model": "pid.pid", 
      "fields": {
         "domain": 1, 
         "name": "Test Ark", 
         "creator": 1, 
         "created_at": "2009-09-11 12:36:22", 
         "pid": "17t5p", 
         "updated_at": "2009-09-11 12:36:22", 
         "ext_system_key": null, 
         "ext_system": null, 
         "type": "Ark", 
         "editor": 1
      }
   }, 
   {
      "pk": 104, 
      "model": "pid.pid", 
      "fields": {
         "domain": 1, 
         "name": "Test Ark", 
         "creator": 1, 
         "created_at": "2009-09-11 12:36:23", 
         "pid": "17t7z", 
         "updated_at": "2009-09-11 12:36:23", 
         "ext_system_key": null, 
         "ext_system": null, 
         "type": "Ark", 
         "editor": 1
      }
   }, 
   {
      "pk": 105, 
      "model": "pid.pid", 
      "fields": {
         "domain": 1, 
         "name": "Test Ark", 
         "creator": 1, 
         "created_at": "2009-09-11 12:36:23", 
         "pid": "19d5k", 
         "updated_at": "2009-09-11 12:36:23", 
         "ext_system_key": null, 
         "ext_system": null, 
         "type": "Ark", 
         "editor": 1
      }
   }, 
   {
      "pk": 106, 
      "model": "pid.pid", 
      "fields": {
         "domain": 1, 
         "name": "Test Ark", 
         "creator": 1, 
         "created_at": "2009-09-11 12:36:23", 
         "pid": "1fvtt", 
         "updated_at": "2009-09-11 12:36:23", 
         "ext_system_key": null, 
         "ext_system": null,  
         "type": "Ark", 
         "editor": 1
      }
   }, 
   {
      "pk": 107, 
      "model": "pid.pid", 
      "fields": {
         "domain": 1, 
         "name": "Test Ark", 
         "creator": 1, 
         "created_at": "2009-09-11 12:36:23", 
         "pid": "16x07", 
         "updated_at": "2009-09-11 12:36:23", 
         "ext_system_key": null, 
         "ext_system": null, 
         "type": "Ark", 
         "editor": 1
      }
   }, 
   {
      "pk": 108, 
      "model": "pid.pid", 
      "fields": {
         "domain": 1, 
         "name": "Test Ark", 
         "creator": 1, 
         "created_at": "2009-09-11 12:36:23", 
         "pid": "1dsr8", 
         "updated_at": "2009-09-11 12:36:23", 
         "ext_system_key": null, 
         "ext_system": null, 
         "type": "Ark", 
         "editor": 1
      }
   }, 
   {
      "pk": 109, 
      "model": "pid.pid", 
      "fields": {
         "domain": 1, 
         "name": "Test Ark", 
         "creator": 1, 
         "created_at": "2009-09-11 12:36:23", 
         "pid": "17s7v", 
         "updated_at": "2009-09-11 12:36:23", 
         "ext_system_key": null, 
         "ext_system": null, 
         "type": "Ark", 
         "editor": 1
      }
   }, 
   {
      "pk": 110, 
      "model": "pid.pid", 
      "fields": {
         "domain": 1, 
         "name": "Test Ark", 
         "creator": 1, 
         "created_at": "2009-09-11 12:36:23", 
         "pid": "17jjc", 
         "updated_at": "2009-09-11 12:36:23", 
         "ext_system_key": null, 
         "ext_system": null, 
         "type": "Ark", 
         "editor": 1
      }
   }, 
   {
      "pk": 111, 
      "model": "pid.pid", 
      "fields": {
         "domain": 1, 
         "name": "Test Purl", 
         "creator": 1, 
         "created_at": "2009-09-11 12:36:23", 
         "pid": "22jv", 
         "updated_at": "2009-09-11 12:36:23", 
         "ext_system_key": null, 
         "ext_system": null, 
         "type": "Purl", 
         "editor": 1
      }
   }, 
   {
      "pk": 112, 
      "model": "pid.pid", 
      "fields": {
         "domain": 1, 
         "name": "Test Ark", 
         "creator": 1, 
         "created_at": "2009-09-11 12:36:24", 
         "pid": "197n0", 
         "updated_at": "2009-09-11 12:36:24", 
         "ext_system_key": null, 
         "ext_system": null, 
         "type": "Ark", 
         "editor": 1
      }
   }, 
   {
      "pk": 113, 
      "model": "pid.pid", 
      "fields": {
         "domain": 1, 
         "name": "Test Ark", 
         "creator": 1, 
         "created_at": "2009-09-11 12:36:24", 
         "pid": "175bd", 
         "updated_at": "2009-09-11 12:36:24", 
         "ext_system_key": null, 
         "ext_system": null, 
         "type": "Ark", 
         "editor": 1
      }
   }, 
   {
      "pk": 114, 
      "model": "pid.pid", 
      "fields": {
         "domain": 1, 
         "name": "Test Ark", 
         "creator": 1, 
         "created_at": "2009-09-11 12:36:24", 
         "pid": "1734c", 
         "updated_at": "2009-09-11 12:36:24", 
         "ext_system_key": null, 
         "ext_system": null, 
         "type": "Ark", 
         "editor": 1
      }
   }, 
   {
      "pk": 115, 
      "model": "pid.pid", 
      "fields": {
         "domain": 1, 
         "name": "Test Ark", 
         "creator": 1, 
         "created_at": "2009-09-11 12:36:24", 
         "pid": "156pr", 
         "updated_at": "2009-09-11 12:36:24", 
         "ext_system_key": null, 
         "ext_system": null,  
         "type": "Ark", 
         "editor": 1
      }
   }, 
   {
      "pk": 116, 
      "model": "pid.pid", 
      "fields": {
         "domain": 1, 
         "name": "Test Ark", 
         "creator": 1, 
         "created_at": "2009-09-11 12:36:24", 
         "pid": "174nj", 
         "updated_at": "2009-09-11 12:36:24", 
         "ext_system_key": null, 
         "ext_system": null, 
         "type": "Ark", 
         "editor": 1
      }
   }, 
   {
      "pk": 117, 
      "model": "pid.pid", 
      "fields": {
         "domain": 1, 
         "name": "Test Ark", 
         "creator": 1, 
         "created_at": "2009-09-11 12:36:24", 
         "pid": "17jz1", 
         "updated_at": "2009-09-11 12:36:24", 
         "ext_system_key": null, 
         "ext_system": null, 
         "type": "Ark", 
         "editor": 1
      }
   }, 
   {
      "pk": 118, 
      "model": "pid.pid", 
      "fields": {
         "domain": 1, 
         "name": "Test Ark", 
         "creator": 1, 
         "created_at": "2009-09-11 12:36:24", 
         "pid": "17kr9", 
         "updated_at": "2009-09-11 12:36:24", 
         "ext_system_key": null, 
         "ext_system": null, 
         "type": "Ark", 
         "editor": 1
      }
   }, 
   {
      "pk": 120, 
      "model": "pid.pid", 
      "fields": {
         "domain": 1, 
         "name": "Test Ark", 
         "creator": 1, 
         "created_at": "2009-09-11 12:36:25", 
         "pid": "19k67", 
         "updated_at": "2009-09-11 12:36:25", 
         "ext_system_key": null, 
         "ext_system": null, 
         "type": "Ark", 
         "editor": 1
      }
   }, 
   {
      "pk": 122, 
      "model": "pid.pid", 
      "fields": {
         "domain": 1, 
         "name": "Test Ark", 
         "creator": 1, 
         "created_at": "2009-09-11 12:36:25", 
         "pid": "17tch", 
         "updated_at": "2009-09-11 12:36:25", 
         "ext_system_key": null, 
         "ext_system": null, 
         "type": "Ark", 
         "editor": 1
      }
   }, 
   {
      "pk": 97, 
      "model": "pid.target", 
      "fields": {
         "qualify": "",
         "noid": "1fx", 
         "pid": 83, 
         "uri": "uri", 
         "proxy": null
      }
   }, 
   {
      "pk": 98, 
      "model": "pid.target", 
      "fields": {
         "qualify": "",
         "noid": "1j4", 
         "pid": 84, 
         "uri": "uri", 
         "proxy": null
      }
   }, 
   {
      "pk": 99, 
      "model": "pid.target", 
      "fields": {
         "qualify": "",
         "noid": "18k", 
         "pid": 85, 
         "uri": "uri", 
         "proxy": null
      }
   }, 
   {
      "pk": 100, 
      "model": "pid.target", 
      "fields": {
         "qualify": "",
         "noid": "ww", 
         "pid": 86, 
         "uri": "uri", 
         "proxy": null
      }
   }, 
   {
      "pk": 102, 
      "model": "pid.target", 
      "fields": {
         "qualify": "POD", 
         "noid": "16x4s", 
         "pid": 88, 
         "uri": "uri", 
         "proxy": null
      }
   }, 
   {
      "pk": 103, 
      "model": "pid.target", 
      "fields": {
         "qualify": "PDF", 
         "noid": "185r4", 
         "pid": 89, 
         "uri": "uri", 
         "proxy": null
      }
   }, 
   {
      "pk": 104, 
      "model": "pid.target", 
      "fields": {
         "qualify": "text", 
         "noid": "15gdg", 
         "pid": 90, 
         "uri": "uri", 
         "proxy": null
      }
   }, 
   {
      "pk": 105, 
      "model": "pid.target", 
      "fields": {
         "qualify": "ppt", 
         "noid": "15mnv", 
         "pid": 91, 
         "uri": "uri", 
         "proxy": null
      }
   }, 
   {
      "pk": 106, 
      "model": "pid.target", 
      "fields": {
         "qualify": "master", 
         "noid": "15mtj", 
         "pid": 92, 
         "uri": "uri", 
         "proxy": null
      }
   }, 
   {
      "pk": 107, 
      "model": "pid.target", 
      "fields": {
         "qualify": "",
         "noid": "17fmb", 
         "pid": 93, 
         "uri": "uri", 
         "proxy": null
      }
   }, 
   {
      "pk": 108, 
      "model": "pid.target", 
      "fields": {
         "qualify": "TIFF", 
         "noid": "30197", 
         "pid": 94, 
         "uri": "uri", 
         "proxy": null
      }
   }, 
   {
      "pk": 109, 
      "model": "pid.target", 
      "fields": {
         "qualify": "doc", 
         "noid": "29131", 
         "pid": 95, 
         "uri": "uri", 
         "proxy": null
      }
   }, 
   {
      "pk": 110, 
      "model": "pid.target", 
      "fields": {
         "qualify": "transcript", 
         "noid": "28822", 
         "pid": 96, 
         "uri": "uri", 
         "proxy": null
      }
   }, 
   {
      "pk": 111, 
      "model": "pid.target", 
      "fields": {
         "qualify": "mp3", 
         "noid": "28822", 
         "pid": 96, 
         "uri": "uri", 
         "proxy": null
      }
   }, 
   {
      "pk": 112, 
      "model": "pid.target", 
      "fields": {
         "qualify": "transcripter", 
         "noid": "28822", 
         "pid": 96, 
         "uri": "uri", 
         "proxy": null
      }
   }, 
   {
      "pk": 113, 
      "model": "pid.target", 
      "fields": {
         "qualify": "",
         "noid": "179sm", 
         "pid": 97, 
         "uri": "uri", 
         "proxy": null
      }
   }, 
   {
      "pk": 114, 
      "model": "pid.target", 
      "fields": {
         "qualify": "mp4", 
         "noid": "16s6n", 
         "pid": 98, 
         "uri": "uri", 
         "proxy": null
      }
   }, 
   {
      "pk": 115, 
      "model": "pid.target", 
      "fields": {
         "qualify": "transcript", 
         "noid": "16rw9", 
         "pid": 99, 
         "uri": "uri", 
         "proxy": null
      }
   }, 
   {
      "pk": 116, 
      "model": "pid.target", 
      "fields": {
         "qualify": "mp4", 
         "noid": "16snf", 
         "pid": 100, 
         "uri": "uri", 
         "proxy": null
      }
   }, 
   {
      "pk": 117, 
      "model": "pid.target", 
      "fields": {
         "qualify": "mp4", 
         "noid": "16s5h", 
         "pid": 101, 
         "uri": "uri", 
         "proxy": null
      }
   }, 
   {
      "pk": 118, 
      "model": "pid.target", 
      "fields": {
         "qualify": "",
         "noid": "198c0", 
         "pid": 102, 
         "uri": "uri", 
         "proxy": null
      }
   }, 
   {
      "pk": 119, 
      "model": "pid.target", 
      "fields": {
         "qualify": "POD", 
         "noid": "17t5p", 
         "pid": 103, 
         "uri": "uri", 
         "proxy": null
      }
   }, 
   {
      "pk": 121, 
      "model": "pid.target", 
      "fields": {
         "qualify": "POD", 
         "noid": "17t7z", 
         "pid": 104, 
         "uri": "uri", 
         "proxy": null
      }
   }, 
   {
      "pk": 123, 
      "model": "pid.target", 
      "fields": {
         "qualify": "POD", 
         "noid": "19d5k", 
         "pid": 105, 
         "uri": "uri", 
         "proxy": null
      }
   }, 
   {
      "pk": 125, 
      "model": "pid.target", 
      "fields": {
         "qualify": "POD", 
         "noid": "1fvtt", 
         "pid": 106, 
         "uri": "uri", 
         "proxy": null
      }
   }, 
   {
      "pk": 127, 
      "model": "pid.target", 
      "fields": {
         "qualify": "POD", 
         "noid": "16x07", 
         "pid": 107, 
         "uri": "uri", 
         "proxy": null
      }
   }, 
   {
      "pk": 128, 
      "model": "pid.target", 
      "fields": {
         "qualify": "",
         "noid": "1dsr8", 
         "pid": 108, 
         "uri": "uri", 
         "proxy": null
      }
   }, 
   {
      "pk": 129, 
      "model": "pid.target", 
      "fields": {
         "qualify": "POD", 
         "noid": "17s7v", 
         "pid": 109, 
         "uri": "uri", 
         "proxy": null
      }
   }, 
   {
      "pk": 131, 
      "model": "pid.target", 
      "fields": {
         "qualify": "",
         "noid": "17jjc", 
         "pid": 110, 
         "uri": "uri", 
         "proxy": null
      }
   }, 
   {
      "pk": 132, 
      "model": "pid.target", 
      "fields": {
         "qualify": "",
         "noid": "22jv", 
         "pid": 111, 
         "uri": "uri", 
         "proxy": null
      }
   }, 
   {
      "pk": 133, 
      "model": "pid.target", 
      "fields": {
         "qualify": "",
         "noid": "197n0", 
         "pid": 112, 
         "uri": "uri", 
         "proxy": null
      }
   }, 
   {
      "pk": 134, 
      "model": "pid.target", 
      "fields": {
         "qualify": "",
         "noid": "175bd", 
         "pid": 113, 
         "uri": "uri", 
         "proxy": null
      }
   }, 
   {
      "pk": 135, 
      "model": "pid.target", 
      "fields": {
         "qualify": "",
         "noid": "1734c", 
         "pid": 114, 
         "uri": "uri", 
         "proxy": null
      }
   }, 
   {
      "pk": 136, 
      "model": "pid.target", 
      "fields": {
         "qualify": "",
         "noid": "156pr", 
         "pid": 115, 
         "uri": "uri", 
         "proxy": null
      }
   }, 
   {
      "pk": 137, 
      "model": "pid.target", 
      "fields": {
         "qualify": "",
         "noid": "174nj", 
         "pid": 116, 
         "uri": "uri", 
         "proxy": null
      }
   }, 
   {
      "pk": 138, 
      "model": "pid.target", 
      "fields": {
         "qualify": "",
         "noid": "17jz1", 
         "pid": 117, 
         "uri": "uri", 
         "proxy": null
      }
   }, 
   {
      "pk": 139, 
      "model": "pid.target", 
      "fields": {
         "qualify": "",
         "noid": "17kr9", 
         "pid": 118, 
         "uri": "uri", 
         "proxy": null
      }
   }, 
   {
      "pk": 141, 
      "model": "pid.target", 
      "fields": {
         "qualify": "",
         "noid": "19k67", 
         "pid": 120, 
         "uri": "uri", 
         "proxy": null
      }
   }, 
   {
      "pk": 143, 
      "model": "pid.target", 
      "fields": {
         "qualify": "PDF", 
         "noid": "17tch", 
         "pid": 122, 
         "uri": "uri", 
         "proxy": null
      }
   }, 
   {
      "pk": 13, 
      "model": "auth.permission", 
      "fields": {
         "codename": "add_logentry", 
         "name": "Can add log entry", 
         "content_type": 5
      }
   }, 
   {
      "pk": 14, 
      "model": "auth.permission", 
      "fields": {
         "codename": "change_logentry", 
         "name": "Can change log entry", 
         "content_type": 5
      }
   }, 
   {
      "pk": 15, 
      "model": "auth.permission", 
      "fields": {
         "codename": "delete_logentry", 
         "name": "Can delete log entry", 
         "content_type": 5
      }
   }, 
   {
      "pk": 4, 
      "model": "auth.permission", 
      "fields": {
         "codename": "add_group", 
         "name": "Can add group", 
         "content_type": 2
      }
   }, 
   {
      "pk": 10, 
      "model": "auth.permission", 
      "fields": {
         "codename": "add_message", 
         "name": "Can add message", 
         "content_type": 4
      }
   }, 
   {
      "pk": 1, 
      "model": "auth.permission", 
      "fields": {
         "codename": "add_permission", 
         "name": "Can add permission", 
         "content_type": 1
      }
   }, 
   {
      "pk": 7, 
      "model": "auth.permission", 
      "fields": {
         "codename": "add_user", 
         "name": "Can add user", 
         "content_type": 3
      }
   }, 
   {
      "pk": 5, 
      "model": "auth.permission", 
      "fields": {
         "codename": "change_group", 
         "name": "Can change group", 
         "content_type": 2
      }
   }, 
   {
      "pk": 11, 
      "model": "auth.permission", 
      "fields": {
         "codename": "change_message", 
         "name": "Can change message", 
         "content_type": 4
      }
   }, 
   {
      "pk": 2, 
      "model": "auth.permission", 
      "fields": {
         "codename": "change_permission", 
         "name": "Can change permission", 
         "content_type": 1
      }
   }, 
   {
      "pk": 8, 
      "model": "auth.permission", 
      "fields": {
         "codename": "change_user", 
         "name": "Can change user", 
         "content_type": 3
      }
   }, 
   {
      "pk": 6, 
      "model": "auth.permission", 
      "fields": {
         "codename": "delete_group", 
         "name": "Can delete group", 
         "content_type": 2
      }
   }, 
   {
      "pk": 12, 
      "model": "auth.permission", 
      "fields": {
         "codename": "delete_message", 
         "name": "Can delete message", 
         "content_type": 4
      }
   }, 
   {
      "pk": 3, 
      "model": "auth.permission", 
      "fields": {
         "codename": "delete_permission", 
         "name": "Can delete permission", 
         "content_type": 1
      }
   }, 
   {
      "pk": 9, 
      "model": "auth.permission", 
      "fields": {
         "codename": "delete_user", 
         "name": "Can delete user", 
         "content_type": 3
      }
   }, 
   {
      "pk": 16, 
      "model": "auth.permission", 
      "fields": {
         "codename": "add_contenttype", 
         "name": "Can add content type", 
         "content_type": 6
      }
   }, 
   {
      "pk": 17, 
      "model": "auth.permission", 
      "fields": {
         "codename": "change_contenttype", 
         "name": "Can change content type", 
         "content_type": 6
      }
   }, 
   {
      "pk": 18, 
      "model": "auth.permission", 
      "fields": {
         "codename": "delete_contenttype", 
         "name": "Can delete content type", 
         "content_type": 6
      }
   }, 
   {
      "pk": 34, 
      "model": "auth.permission", 
      "fields": {
         "codename": "add_extsystem", 
         "name": "Can add External System", 
         "content_type": 12
      }
   }, 
   {
      "pk": 37, 
      "model": "auth.permission", 
      "fields": {
         "codename": "add_pid", 
         "name": "Can add pid", 
         "content_type": 13
      }
   }, 
   {
      "pk": 40, 
      "model": "auth.permission", 
      "fields": {
         "codename": "add_proxy", 
         "name": "Can add proxy", 
         "content_type": 14
      }
   }, 
   {
      "pk": 43, 
      "model": "auth.permission", 
      "fields": {
         "codename": "add_target", 
         "name": "Can add target", 
         "content_type": 15
      }
   }, 
   {
      "pk": 35, 
      "model": "auth.permission", 
      "fields": {
         "codename": "change_extsystem", 
         "name": "Can change External System", 
         "content_type": 12
      }
   }, 
   {
      "pk": 38, 
      "model": "auth.permission", 
      "fields": {
         "codename": "change_pid", 
         "name": "Can change pid", 
         "content_type": 13
      }
   }, 
   {
      "pk": 41, 
      "model": "auth.permission", 
      "fields": {
         "codename": "change_proxy", 
         "name": "Can change proxy", 
         "content_type": 14
      }
   }, 
   {
      "pk": 44, 
      "model": "auth.permission", 
      "fields": {
         "codename": "change_target", 
         "name": "Can change target", 
         "content_type": 15
      }
   }, 
   {
      "pk": 36, 
      "model": "auth.permission", 
      "fields": {
         "codename": "delete_extsystem", 
         "name": "Can delete External System", 
         "content_type": 12
      }
   }, 
   {
      "pk": 39, 
      "model": "auth.permission", 
      "fields": {
         "codename": "delete_pid", 
         "name": "Can delete pid", 
         "content_type": 13
      }
   }, 
   {
      "pk": 42, 
      "model": "auth.permission", 
      "fields": {
         "codename": "delete_proxy", 
         "name": "Can delete proxy", 
         "content_type": 14
      }
   }, 
   {
      "pk": 45, 
      "model": "auth.permission", 
      "fields": {
         "codename": "delete_target", 
         "name": "Can delete target", 
         "content_type": 15
      }
   }, 
   {
      "pk": 31, 
      "model": "auth.permission", 
      "fields": {
         "codename": "add_domain", 
         "name": "Can add domain", 
         "content_type": 11
      }
   }, 
   {
      "pk": 28, 
      "model": "auth.permission", 
      "fields": {
         "codename": "add_role", 
         "name": "Can add role", 
         "content_type": 10
      }
   }, 
   {
      "pk": 32, 
      "model": "auth.permission", 
      "fields": {
         "codename": "change_domain", 
         "name": "Can change domain", 
         "content_type": 11
      }
   }, 
   {
      "pk": 29, 
      "model": "auth.permission", 
      "fields": {
         "codename": "change_role", 
         "name": "Can change role", 
         "content_type": 10
      }
   }, 
   {
      "pk": 33, 
      "model": "auth.permission", 
      "fields": {
         "codename": "delete_domain", 
         "name": "Can delete domain", 
         "content_type": 11
      }
   }, 
   {
      "pk": 30, 
      "model": "auth.permission", 
      "fields": {
         "codename": "delete_role", 
         "name": "Can delete role", 
         "content_type": 10
      }
   }, 
   {
      "pk": 19, 
      "model": "auth.permission", 
      "fields": {
         "codename": "add_session", 
         "name": "Can add session", 
         "content_type": 7
      }
   }, 
   {
      "pk": 20, 
      "model": "auth.permission", 
      "fields": {
         "codename": "change_session", 
         "name": "Can change session", 
         "content_type": 7
      }
   }, 
   {
      "pk": 21, 
      "model": "auth.permission", 
      "fields": {
         "codename": "delete_session", 
         "name": "Can delete session", 
         "content_type": 7
      }
   }, 
   {
      "pk": 22, 
      "model": "auth.permission", 
      "fields": {
         "codename": "add_site", 
         "name": "Can add site", 
         "content_type": 8
      }
   }, 
   {
      "pk": 23, 
      "model": "auth.permission", 
      "fields": {
         "codename": "change_site", 
         "name": "Can change site", 
         "content_type": 8
      }
   }, 
   {
      "pk": 24, 
      "model": "auth.permission", 
      "fields": {
         "codename": "delete_site", 
         "name": "Can delete site", 
         "content_type": 8
      }
   }, 
   {
      "pk": 25, 
      "model": "auth.permission", 
      "fields": {
         "codename": "add_migrationhistory", 
         "name": "Can add migration history", 
         "content_type": 9
      }
   }, 
   {
      "pk": 26, 
      "model": "auth.permission", 
      "fields": {
         "codename": "change_migrationhistory", 
         "name": "Can change migration history", 
         "content_type": 9
      }
   }, 
   {
      "pk": 27, 
      "model": "auth.permission", 
      "fields": {
         "codename": "delete_migrationhistory", 
         "name": "Can delete migration history", 
         "content_type": 9
      }
   }, 
   {
      "pk": 46, 
      "model": "auth.permission", 
      "fields": {
         "codename": "add_targetaccesslog", 
         "name": "Can add Access Log", 
         "content_type": 16
      }
   }, 
   {
      "pk": 47, 
      "model": "auth.permission", 
      "fields": {
         "codename": "change_targetaccesslog", 
         "name": "Can change Access Log", 
         "content_type": 16
      }
   }, 
   {
      "pk": 48, 
      "model": "auth.permission", 
      "fields": {
         "codename": "delete_targetaccesslog", 
         "name": "Can delete Access Log", 
         "content_type": 16
      }
   }, 
   {
      "pk": 1, 
      "model": "auth.user", 
      "fields": {
         "username": "test", 
         "first_name": "", 
         "last_name": "", 
         "is_active": true, 
         "is_superuser": true, 
         "is_staff": true, 
         "last_login": "2009-09-11 13:39:14", 
         "groups": [], 
         "user_permissions": [], 
         "password": "sha1$24c3c$a15841c98ace33eac5eb480f1c56a920d52b5648", 
         "email": "nobody@nowhere.com", 
         "date_joined": "2009-09-10 19:09:53"
      }
   }, 
   {
      "pk": 5, 
      "model": "usage_stats.targetaccesslog", 
      "fields": {
         "referrer": null, 
         "ip": "170.140.211.29", 
         "browser": "Mozilla/5.0 (X11; U; Linux i686; en-US; rv:1.9.1.2) Gecko/20090729 Firefox/3.5.2", 
         "target": 102, 
         "timestamp": "2009-09-03 13:17:33"
      }
   }, 
   {
      "pk": 6, 
      "model": "usage_stats.targetaccesslog", 
      "fields": {
         "referrer": null, 
         "ip": "170.140.211.29", 
         "browser": "Mozilla/5.0 (X11; U; Linux i686; en-US; rv:1.9.1.2) Gecko/20090729 Firefox/3.5.2", 
         "target": 103, 
         "timestamp": "2009-09-03 13:18:49"
      }
   }, 
   {
      "pk": 7, 
      "model": "usage_stats.targetaccesslog", 
      "fields": {
         "referrer": null, 
         "ip": "170.140.211.29", 
         "browser": "Mozilla/5.0 (X11; U; Linux i686; en-US; rv:1.9.1.2) Gecko/20090729 Firefox/3.5.2", 
         "target": 104, 
         "timestamp": "2009-09-03 13:19:01"
      }
   }, 
   {
      "pk": 8, 
      "model": "usage_stats.targetaccesslog", 
      "fields": {
         "referrer": null, 
         "ip": "170.140.211.29", 
         "browser": "Mozilla/5.0 (X11; U; Linux i686; en-US; rv:1.9.1.2) Gecko/20090729 Firefox/3.5.2", 
         "target": 105, 
         "timestamp": "2009-09-03 13:19:10"
      }
   }, 
   {
      "pk": 9, 
      "model": "usage_stats.targetaccesslog", 
      "fields": {
         "referrer": null, 
         "ip": "170.140.211.29", 
         "browser": "Mozilla/5.0 (X11; U; Linux i686; en-US; rv:1.9.1.2) Gecko/20090729 Firefox/3.5.2", 
         "target": 106, 
         "timestamp": "2009-09-03 13:19:18"
      }
   }, 
   {
      "pk": 10, 
      "model": "usage_stats.targetaccesslog", 
      "fields": {
         "referrer": "http://www.google.co.il/search?q=tubulin+%2B+paclitaxel+illustration&hl=iw&rlz=1W1RNWE_en&sa=2", 
         "ip": "93.172.145.71", 
         "browser": "Mozilla/4.0 (compatible; MSIE 8.0; Windows NT 5.1; Trident/4.0; Avant Browser; SIMBAR={BECC0B5C-AA80-44DE-A812-126DC1C0CE11}; GTB6; Avant Browser)", 
         "target": 107, 
         "timestamp": "2009-09-03 13:19:19"
      }
   }, 
   {
      "pk": 11, 
      "model": "usage_stats.targetaccesslog", 
      "fields": {
         "referrer": null, 
         "ip": "93.172.145.71", 
         "browser": "Mozilla/4.0 (compatible; MSIE 8.0; Windows NT 5.1; Trident/4.0; Avant Browser; SIMBAR={BECC0B5C-AA80-44DE-A812-126DC1C0CE11}; GTB6; Avant Browser)", 
         "target": 107, 
         "timestamp": "2009-09-03 13:20:18"
      }
   }, 
   {
      "pk": 12, 
      "model": "usage_stats.targetaccesslog", 
      "fields": {
         "referrer": "http://www.google.co.il/search?q=tubulin+%2B+paclitaxel+illustration&hl=iw&rlz=1W1RNWE_en&sa=2", 
         "ip": "93.172.145.71", 
         "browser": "Mozilla/4.0 (compatible; MSIE 8.0; Windows NT 5.1; Trident/4.0; Avant Browser; SIMBAR={BECC0B5C-AA80-44DE-A812-126DC1C0CE11}; GTB6; Avant Browser)", 
         "target": 107, 
         "timestamp": "2009-09-03 13:20:33"
      }
   }, 
   {
      "pk": 13, 
      "model": "usage_stats.targetaccesslog", 
      "fields": {
         "referrer": null, 
         "ip": "93.172.145.71", 
         "browser": "Mozilla/4.0 (compatible; MSIE 8.0; Windows NT 5.1; Trident/4.0; Avant Browser; SIMBAR={BECC0B5C-AA80-44DE-A812-126DC1C0CE11}; GTB6; Avant Browser)", 
         "target": 107, 
         "timestamp": "2009-09-03 13:20:41"
      }
   }, 
   {
      "pk": 14, 
      "model": "usage_stats.targetaccesslog", 
      "fields": {
         "referrer": "http://www.google.co.il/search?q=tubulin+%2B+paclitaxel+illustration&hl=iw&rlz=1W1RNWE_en&sa=2", 
         "ip": "93.172.145.71", 
         "browser": "Mozilla/4.0 (compatible; MSIE 8.0; Windows NT 5.1; Trident/4.0; Avant Browser; SIMBAR={BECC0B5C-AA80-44DE-A812-126DC1C0CE11}; GTB6; Avant Browser)", 
         "target": 107, 
         "timestamp": "2009-09-03 13:21:08"
      }
   }, 
   {
      "pk": 15, 
      "model": "usage_stats.targetaccesslog", 
      "fields": {
         "referrer": null, 
         "ip": "170.140.211.29", 
         "browser": "Mozilla/5.0 (X11; U; Linux i686; en-US; rv:1.9.1.2) Gecko/20090729 Firefox/3.5.2", 
         "target": 108, 
         "timestamp": "2009-09-03 13:22:04"
      }
   }, 
   {
      "pk": 16, 
      "model": "usage_stats.targetaccesslog", 
      "fields": {
         "referrer": null, 
         "ip": "170.140.211.29", 
         "browser": "Mozilla/5.0 (X11; U; Linux i686; en-US; rv:1.9.1.2) Gecko/20090729 Firefox/3.5.2", 
         "target": 109, 
         "timestamp": "2009-09-03 13:22:22"
      }
   }, 
   {
      "pk": 17, 
      "model": "usage_stats.targetaccesslog", 
      "fields": {
         "referrer": null, 
         "ip": "170.140.211.29", 
         "browser": "Mozilla/5.0 (X11; U; Linux i686; en-US; rv:1.9.1.2) Gecko/20090729 Firefox/3.5.2", 
         "target": 110, 
         "timestamp": "2009-09-03 13:22:31"
      }
   }, 
   {
      "pk": 18, 
      "model": "usage_stats.targetaccesslog", 
      "fields": {
         "referrer": null, 
         "ip": "170.140.211.29", 
         "browser": "Mozilla/5.0 (X11; U; Linux i686; en-US; rv:1.9.1.2) Gecko/20090729 Firefox/3.5.2", 
         "target": 111, 
         "timestamp": "2009-09-03 13:22:40"
      }
   }, 
   {
      "pk": 19, 
      "model": "usage_stats.targetaccesslog", 
      "fields": {
         "referrer": null, 
         "ip": "170.140.211.29", 
         "browser": "Mozilla/5.0 (X11; U; Linux i686; en-US; rv:1.9.1.2) Gecko/20090729 Firefox/3.5.2", 
         "target": 102, 
         "timestamp": "2009-09-03 13:23:27"
      }
   }, 
   {
      "pk": 20, 
      "model": "usage_stats.targetaccesslog", 
      "fields": {
         "referrer": null, 
         "ip": "170.140.211.29", 
         "browser": "Mozilla/5.0 (X11; U; Linux i686; en-US; rv:1.9.1.2) Gecko/20090729 Firefox/3.5.2", 
         "target": 106, 
         "timestamp": "2009-09-03 13:23:36"
      }
   }, 
   {
      "pk": 21, 
      "model": "usage_stats.targetaccesslog", 
      "fields": {
         "referrer": null, 
         "ip": "170.140.211.29", 
         "browser": "Mozilla/5.0 (X11; U; Linux i686; en-US; rv:1.9.1.2) Gecko/20090729 Firefox/3.5.2", 
         "target": 112, 
         "timestamp": "2009-09-03 13:23:46"
      }
   }, 
   {
      "pk": 22, 
      "model": "usage_stats.targetaccesslog", 
      "fields": {
         "referrer": "http://209.85.229.132/search?q=cache:t6JSX5pcgNYJ:digital.library.upenn.edu/women/_generate/ENGLAND.html+priestley+%22appeal+to+the+professors+of+christianity%22&cd=10&hl=en&ct=clnk", 
         "ip": "91.125.78.187", 
         "browser": "Mozilla/4.0 (compatible; MSIE 7.0; Windows NT 5.1; .NET CLR 1.1.4322)", 
         "target": 113, 
         "timestamp": "2009-09-03 13:24:01"
      }
   }, 
   {
      "pk": 23, 
      "model": "usage_stats.targetaccesslog", 
      "fields": {
         "referrer": null, 
         "ip": "170.140.211.29", 
         "browser": "Mozilla/5.0 (X11; U; Linux i686; en-US; rv:1.9.1.2) Gecko/20090729 Firefox/3.5.2", 
         "target": 114, 
         "timestamp": "2009-09-03 13:24:20"
      }
   }, 
   {
      "pk": 24, 
      "model": "usage_stats.targetaccesslog", 
      "fields": {
         "referrer": null, 
         "ip": "170.140.211.29", 
         "browser": "Mozilla/5.0 (X11; U; Linux i686; en-US; rv:1.9.1.2) Gecko/20090729 Firefox/3.5.2", 
         "target": 115, 
         "timestamp": "2009-09-03 13:25:03"
      }
   }, 
   {
      "pk": 25, 
      "model": "usage_stats.targetaccesslog", 
      "fields": {
         "referrer": null, 
         "ip": "170.140.211.29", 
         "browser": "Mozilla/5.0 (X11; U; Linux i686; en-US; rv:1.9.1.2) Gecko/20090729 Firefox/3.5.2", 
         "target": 116, 
         "timestamp": "2009-09-03 13:25:11"
      }
   }, 
   {
      "pk": 26, 
      "model": "usage_stats.targetaccesslog", 
      "fields": {
         "referrer": null, 
         "ip": "170.140.211.29", 
         "browser": "Mozilla/5.0 (X11; U; Linux i686; en-US; rv:1.9.1.2) Gecko/20090729 Firefox/3.5.2", 
         "target": 117, 
         "timestamp": "2009-09-03 13:25:19"
      }
   }, 
   {
      "pk": 28, 
      "model": "usage_stats.targetaccesslog", 
      "fields": {
         "referrer": null, 
         "ip": "170.140.211.29", 
         "browser": "Mozilla/5.0 (X11; U; Linux i686; en-US; rv:1.9.1.2) Gecko/20090729 Firefox/3.5.2", 
         "target": 119, 
         "timestamp": "2009-09-03 13:26:43"
      }
   }, 
   {
      "pk": 29, 
      "model": "usage_stats.targetaccesslog", 
      "fields": {
         "referrer": null, 
         "ip": "170.140.211.29", 
         "browser": "Mozilla/5.0 (X11; U; Linux i686; en-US; rv:1.9.1.2) Gecko/20090729 Firefox/3.5.2", 
         "target": 121, 
         "timestamp": "2009-09-03 13:26:52"
      }
   }, 
   {
      "pk": 30, 
      "model": "usage_stats.targetaccesslog", 
      "fields": {
         "referrer": null, 
         "ip": "170.140.211.29", 
         "browser": "Mozilla/5.0 (X11; U; Linux i686; en-US; rv:1.9.1.2) Gecko/20090729 Firefox/3.5.2", 
         "target": 123, 
         "timestamp": "2009-09-03 13:27:02"
      }
   }, 
   {
      "pk": 31, 
      "model": "usage_stats.targetaccesslog", 
      "fields": {
         "referrer": null, 
         "ip": "170.140.211.29", 
         "browser": "Mozilla/5.0 (X11; U; Linux i686; en-US; rv:1.9.1.2) Gecko/20090729 Firefox/3.5.2", 
         "target": 125, 
         "timestamp": "2009-09-03 13:27:10"
      }
   }, 
   {
      "pk": 32, 
      "model": "usage_stats.targetaccesslog", 
      "fields": {
         "referrer": null, 
         "ip": "170.140.211.29", 
         "browser": "Mozilla/5.0 (X11; U; Linux i686; en-US; rv:1.9.1.2) Gecko/20090729 Firefox/3.5.2", 
         "target": 117, 
         "timestamp": "2009-09-03 13:27:17"
      }
   }, 
   {
      "pk": 33, 
      "model": "usage_stats.targetaccesslog", 
      "fields": {
         "referrer": null, 
         "ip": "170.140.211.29", 
         "browser": "Mozilla/5.0 (X11; U; Linux i686; en-US; rv:1.9.1.2) Gecko/20090729 Firefox/3.5.2", 
         "target": 127, 
         "timestamp": "2009-09-03 13:27:41"
      }
   }, 
   {
      "pk": 34, 
      "model": "usage_stats.targetaccesslog", 
      "fields": {
         "referrer": "http://www.google.com.ng/search?hl=en&q=criticisms+on+the+person+of+jesus+christ&btnG=Search&meta=", 
         "ip": "41.205.169.140", 
         "browser": "Mozilla/4.0 (compatible; MSIE 6.0; Windows NT 5.1; SV1; .NET CLR 1.1.4322; .NET CLR 2.0.50727; InfoPath.2)", 
         "target": 128, 
         "timestamp": "2009-09-03 13:27:47"
      }
   }, 
   {
      "pk": 35, 
      "model": "usage_stats.targetaccesslog", 
      "fields": {
         "referrer": null, 
         "ip": "170.140.211.29", 
         "browser": "Mozilla/5.0 (X11; U; Linux i686; en-US; rv:1.9.1.2) Gecko/20090729 Firefox/3.5.2", 
         "target": 129, 
         "timestamp": "2009-09-03 13:28:05"
      }
   }, 
   {
      "pk": 37, 
      "model": "usage_stats.targetaccesslog", 
      "fields": {
         "referrer": null, 
         "ip": "170.140.211.29", 
         "browser": "Mozilla/5.0 (X11; U; Linux i686; en-US; rv:1.9.1.2) Gecko/20090729 Firefox/3.5.2", 
         "target": 103, 
         "timestamp": "2009-09-03 13:38:56"
      }
   }, 
   {
      "pk": 38, 
      "model": "usage_stats.targetaccesslog", 
      "fields": {
         "referrer": null, 
         "ip": "170.140.211.29", 
         "browser": "Mozilla/5.0 (X11; U; Linux i686; en-US; rv:1.9.1.2) Gecko/20090729 Firefox/3.5.2", 
         "target": 104, 
         "timestamp": "2009-09-03 13:39:05"
      }
   }, 
   {
      "pk": 39, 
      "model": "usage_stats.targetaccesslog", 
      "fields": {
         "referrer": null, 
         "ip": "170.140.211.29", 
         "browser": "Mozilla/5.0 (X11; U; Linux i686; en-US; rv:1.9.1.2) Gecko/20090729 Firefox/3.5.2", 
         "target": 105, 
         "timestamp": "2009-09-03 13:39:15"
      }
   }, 
   {
      "pk": 40, 
      "model": "usage_stats.targetaccesslog", 
      "fields": {
         "referrer": null, 
         "ip": "170.140.211.29", 
         "browser": "Mozilla/5.0 (X11; U; Linux i686; en-US; rv:1.9.1.2) Gecko/20090729 Firefox/3.5.2", 
         "target": 100, 
         "timestamp": "2009-09-03 13:40:57"
      }
   }, 
   {
      "pk": 41, 
      "model": "usage_stats.targetaccesslog", 
      "fields": {
         "referrer": null, 
         "ip": "170.140.211.29", 
         "browser": "Mozilla/5.0 (X11; U; Linux i686; en-US; rv:1.9.1.2) Gecko/20090729 Firefox/3.5.2", 
         "target": 99, 
         "timestamp": "2009-09-03 13:41:06"
      }
   }, 
   {
      "pk": 42, 
      "model": "usage_stats.targetaccesslog", 
      "fields": {
         "referrer": null, 
         "ip": "170.140.211.29", 
         "browser": "Mozilla/5.0 (X11; U; Linux i686; en-US; rv:1.9.1.2) Gecko/20090729 Firefox/3.5.2", 
         "target": 98, 
         "timestamp": "2009-09-03 13:41:15"
      }
   }, 
   {
      "pk": 43, 
      "model": "usage_stats.targetaccesslog", 
      "fields": {
         "referrer": null, 
         "ip": "170.140.211.29", 
         "browser": "Mozilla/5.0 (X11; U; Linux i686; en-US; rv:1.9.1.2) Gecko/20090729 Firefox/3.5.2", 
         "target": 97, 
         "timestamp": "2009-09-03 13:41:24"
      }
   }, 
   {
      "pk": 44, 
      "model": "usage_stats.targetaccesslog", 
      "fields": {
         "referrer": null, 
         "ip": "170.140.211.29", 
         "browser": "Mozilla/5.0 (X11; U; Linux i686; en-US; rv:1.9.1.2) Gecko/20090729 Firefox/3.5.2", 
         "target": 132, 
         "timestamp": "2009-09-03 13:41:32"
      }
   }, 
   {
      "pk": 45, 
      "model": "usage_stats.targetaccesslog", 
      "fields": {
         "referrer": null, 
         "ip": "170.140.211.29", 
         "browser": "Mozilla/5.0 (X11; U; Linux i686; en-US; rv:1.9.1.2) Gecko/20090729 Firefox/3.5.2", 
         "target": 103, 
         "timestamp": "2009-09-03 13:41:43"
      }
   }, 
   {
      "pk": 46, 
      "model": "usage_stats.targetaccesslog", 
      "fields": {
         "referrer": null, 
         "ip": "170.140.211.29", 
         "browser": "Mozilla/5.0 (X11; U; Linux i686; en-US; rv:1.9.1.2) Gecko/20090729 Firefox/3.5.2", 
         "target": 104, 
         "timestamp": "2009-09-03 13:41:53"
      }
   }, 
   {
      "pk": 47, 
      "model": "usage_stats.targetaccesslog", 
      "fields": {
         "referrer": null, 
         "ip": "170.140.211.29", 
         "browser": "Mozilla/5.0 (X11; U; Linux i686; en-US; rv:1.9.1.2) Gecko/20090729 Firefox/3.5.2", 
         "target": 105, 
         "timestamp": "2009-09-03 13:42:02"
      }
   }, 
   {
      "pk": 48, 
      "model": "usage_stats.targetaccesslog", 
      "fields": {
         "referrer": null, 
         "ip": "170.140.211.29", 
         "browser": "Mozilla/5.0 (X11; U; Linux i686; en-US; rv:1.9.1.2) Gecko/20090729 Firefox/3.5.2", 
         "target": 106, 
         "timestamp": "2009-09-03 13:42:11"
      }
   }, 
   {
      "pk": 49, 
      "model": "usage_stats.targetaccesslog", 
      "fields": {
         "referrer": null, 
         "ip": "170.140.211.29", 
         "browser": "Mozilla/5.0 (X11; U; Linux i686; en-US; rv:1.9.1.2) Gecko/20090729 Firefox/3.5.2", 
         "target": 114, 
         "timestamp": "2009-09-03 13:42:20"
      }
   }, 
   {
      "pk": 1, 
      "model": "usage_stats.targetaccesslog", 
      "fields": {
         "referrer": null, 
         "ip": "170.140.211.29", 
         "browser": "Mozilla/5.0 (X11; U; Linux i686; en-US; rv:1.9.1.2) Gecko/20090729 Firefox/3.5.2", 
         "target": 97, 
         "timestamp": "2007-09-03 13:16:25"
      }
   }, 
   {
      "pk": 2, 
      "model": "usage_stats.targetaccesslog", 
      "fields": {
         "referrer": null, 
         "ip": "170.140.211.29", 
         "browser": "Mozilla/5.0 (X11; U; Linux i686; en-US; rv:1.9.1.2) Gecko/20090729 Firefox/3.5.2", 
         "target": 98, 
         "timestamp": "2008-09-03 13:16:36"
      }
   }, 
   {
      "pk": 3, 
      "model": "usage_stats.targetaccesslog", 
      "fields": {
         "referrer": null, 
         "ip": "170.140.211.29", 
         "browser": "Mozilla/5.0 (X11; U; Linux i686; en-US; rv:1.9.1.2) Gecko/20090729 Firefox/3.5.2", 
         "target": 99, 
         "timestamp": "2007-01-03 12:16:42"
      }
   }, 
   {
      "pk": 4, 
      "model": "usage_stats.targetaccesslog", 
      "fields": {
         "referrer": null, 
         "ip": "170.140.211.29", 
         "browser": "Mozilla/5.0 (X11; U; Linux i686; en-US; rv:1.9.1.2) Gecko/20090729 Firefox/3.5.2", 
         "target": 100, 
         "timestamp": "2007-12-03 12:16:50"
      }
   }, 
   {
      "pk": 50, 
      "model": "usage_stats.targetaccesslog", 
      "fields": {
         "referrer": null, 
         "ip": "170.140.211.29", 
         "browser": "Mozilla/5.0 (X11; U; Linux i686; en-US; rv:1.9.1.2) Gecko/20090729 Firefox/3.5.2", 
         "target": 115, 
         "timestamp": "2009-09-03 13:42:29"
      }
   }, 
   {
      "pk": 51, 
      "model": "usage_stats.targetaccesslog", 
      "fields": {
         "referrer": null, 
         "ip": "170.140.211.29", 
         "browser": "Mozilla/5.0 (X11; U; Linux i686; en-US; rv:1.9.1.2) Gecko/20090729 Firefox/3.5.2", 
         "target": 116, 
         "timestamp": "2009-09-03 13:42:37"
      }
   }, 
   {
      "pk": 52, 
      "model": "usage_stats.targetaccesslog", 
      "fields": {
         "referrer": null, 
         "ip": "170.140.211.29", 
         "browser": "Mozilla/5.0 (X11; U; Linux i686; en-US; rv:1.9.1.2) Gecko/20090729 Firefox/3.5.2", 
         "target": 127, 
         "timestamp": "2009-09-03 13:42:45"
      }
   }, 
   {
      "pk": 53, 
      "model": "usage_stats.targetaccesslog", 
      "fields": {
         "referrer": null, 
         "ip": "170.140.211.29", 
         "browser": "Mozilla/5.0 (X11; U; Linux i686; en-US; rv:1.9.1.2) Gecko/20090729 Firefox/3.5.2", 
         "target": 102, 
         "timestamp": "2009-09-03 13:42:53"
      }
   }, 
   {
      "pk": 54, 
      "model": "usage_stats.targetaccesslog", 
      "fields": {
         "referrer": "http://www.google.com/search?hl=en&client=firefox-a&rls=org.mozilla:en-US:official&hs=83v&q=itp+immune&start=10&sa=N", 
         "ip": "24.213.151.2", 
         "browser": "Mozilla/5.0 (Windows; U; Windows NT 5.1; en-US; rv:1.9.0.13) Gecko/2009073022 Firefox/3.0.13", 
         "target": 133, 
         "timestamp": "2009-09-03 13:43:41"
      }
   }, 
   {
      "pk": 59, 
      "model": "usage_stats.targetaccesslog", 
      "fields": {
         "referrer": null, 
         "ip": "65.55.230.217", 
         "browser": "Mozilla/4.0", 
         "target": 138, 
         "timestamp": "2009-07-26 10:14:41"
      }
   }, 
   {
      "pk": 61, 
      "model": "usage_stats.targetaccesslog", 
      "fields": {
         "referrer": null, 
         "ip": "170.140.215.175", 
         "browser": "Mozilla/5.0 (Windows; U; Windows NT 5.1; en-US; rv:1.9.1.2) Gecko/20090729 Firefox/3.5.2", 
         "target": 141, 
         "timestamp": "2009-08-19 11:29:14"
      }
   }, 
   {
      "pk": 62, 
      "model": "usage_stats.targetaccesslog", 
      "fields": {
         "referrer": null, 
         "ip": "170.140.212.211", 
         "browser": "Mozilla/5.0 (Macintosh; U; Intel Mac OS X 10.5; en-US; rv:1.9.0.13) Gecko/2009073021 Firefox/3.0.13", 
         "target": 143, 
         "timestamp": "2009-08-19 13:11:33"
      }
   }
]
